[
{
  "pk": 1, 
  "model": "clip.window", 
  "fields": {
    "need_m": false, 
    "name": "<+>", 
    "need_z": false
  }
},
{
  "pk": 2, 
  "model": "clip.window", 
  "fields": {
    "need_m": false, 
    "name": "<+++>", 
    "need_z": false
  }
},
{
  "pk": 3, 
  "model": "clip.window", 
  "fields": {
    "need_m": true, 
    "name": "| <+>", 
    "need_z": false
  }
},
{
  "pk": 4, 
  "model": "clip.window", 
  "fields": {
    "need_m": true, 
    "name": "| | | <+++>", 
    "need_z": false
  }
},
{
  "pk": 5, 
  "model": "clip.window", 
  "fields": {
    "need_m": true, 
    "name": "<+> |", 
    "need_z": false
  }
},
{
  "pk": 6, 
  "model": "clip.window", 
  "fields": {
    "need_m": true, 
    "name": "<+++> | | |", 
    "need_z": false
  }
},
{
  "pk": 7, 
  "model": "clip.window", 
  "fields": {
    "need_m": true, 
    "name": "| | | <+++> | | |", 
    "need_z": true
  }
},
{
  "pk": 8, 
  "model": "clip.window", 
  "fields": {
    "need_m": true, 
    "name": "| <+> |", 
    "need_z": true
  }
},
{
  "pk": 10, 
  "model": "clip.window", 
  "fields": {
    "need_m": true, 
    "name": "<+> -", 
    "need_z": false
  }
},
{
  "pk": 1, 
  "model": "clip.material", 
  "fields": {
    "name": "788"
  }
},
{
  "pk": 1, 
  "model": "clip.productname", 
  "fields": {
    "formula": "x", 
    "name": "\u8fb9\u5c01"
  }
},
{
  "pk": 2, 
  "model": "clip.productname", 
  "fields": {
    "formula": "y-a", 
    "name": "\u4e0a\u4e0b\u6ed1"
  }
},
{
  "pk": 3, 
  "model": "clip.productname", 
  "fields": {
    "formula": "(y-a)/2", 
    "name": "\u4e0a\u65b9"
  }
},
{
  "pk": 4, 
  "model": "clip.productname", 
  "fields": {
    "formula": "(y-a)/2", 
    "name": "\u4e2d\u65b9"
  }
},
{
  "pk": 5, 
  "model": "clip.productname", 
  "fields": {
    "formula": "(y-a)/2", 
    "name": "\u4e0b\u65b9"
  }
},
{
  "pk": 6, 
  "model": "clip.productname", 
  "fields": {
    "formula": "x-a", 
    "name": "\u5149\u52fe\u4f011"
  }
},
{
  "pk": 7, 
  "model": "clip.productname", 
  "fields": {
    "formula": "x-a", 
    "name": "\u5149\u52fe\u4f012"
  }
},
{
  "pk": 8, 
  "model": "clip.productname", 
  "fields": {
    "formula": "y-a", 
    "name": "\u56fa\u4e0a\u6ed1"
  }
},
{
  "pk": 9, 
  "model": "clip.productname", 
  "fields": {
    "formula": "x-m-a", 
    "name": "\u4e2d\u67f1"
  }
},
{
  "pk": 10, 
  "model": "clip.productname", 
  "fields": {
    "formula": "x-m-a", 
    "name": "\u8fb9\u76d6"
  }
},
{
  "pk": 11, 
  "model": "clip.productname", 
  "fields": {
    "formula": "x-a", 
    "name": "\u6536\u53e3"
  }
},
{
  "pk": 12, 
  "model": "clip.productname", 
  "fields": {
    "formula": "y-a", 
    "name": "\u56fa\u4e0a\u56fa\u4e0b\u6ed1"
  }
},
{
  "pk": 13, 
  "model": "clip.productname", 
  "fields": {
    "formula": "z-a", 
    "name": "\u4e2d\u67f11"
  }
},
{
  "pk": 14, 
  "model": "clip.productname", 
  "fields": {
    "formula": "x-z-m-a", 
    "name": "\u4e2d\u67f12"
  }
},
{
  "pk": 15, 
  "model": "clip.productname", 
  "fields": {
    "formula": "z-a", 
    "name": "\u8fb9\u76d61"
  }
},
{
  "pk": 16, 
  "model": "clip.productname", 
  "fields": {
    "formula": "x-z-m-a", 
    "name": "\u8fb9\u76d62"
  }
},
{
  "pk": 17, 
  "model": "clip.productname", 
  "fields": {
    "formula": "y-a", 
    "name": "\u56fa\u4e0b\u6ed1"
  }
},
{
  "pk": 18, 
  "model": "clip.productname", 
  "fields": {
    "formula": "(y-a)/4", 
    "name": "\u4e0a\u65b9"
  }
},
{
  "pk": 19, 
  "model": "clip.productname", 
  "fields": {
    "formula": "(y-a)/4", 
    "name": "\u4e2d\u65b9"
  }
},
{
  "pk": 20, 
  "model": "clip.productname", 
  "fields": {
    "formula": "(y-a)/4", 
    "name": "\u4e0b\u65b9"
  }
},
{
  "pk": 21, 
  "model": "clip.productname", 
  "fields": {
    "formula": "m-a", 
    "name": "\u5149\u52fe\u4f011"
  }
},
{
  "pk": 22, 
  "model": "clip.productname", 
  "fields": {
    "formula": "m-a", 
    "name": "\u5149\u52fe\u4f012"
  }
},
{
  "pk": 23, 
  "model": "clip.productname", 
  "fields": {
    "formula": "m-a", 
    "name": "\u6536\u53e3"
  }
},
{
  "pk": 1, 
  "model": "clip.product", 
  "fields": {
    "window": 1, 
    "num": 2, 
    "product_name": 1
  }
},
{
  "pk": 2, 
  "model": "clip.product", 
  "fields": {
    "window": 1, 
    "num": 1, 
    "product_name": 2
  }
},
{
  "pk": 3, 
  "model": "clip.product", 
  "fields": {
    "window": 1, 
    "num": 2, 
    "product_name": 3
  }
},
{
  "pk": 4, 
  "model": "clip.product", 
  "fields": {
    "window": 1, 
    "num": 1, 
    "product_name": 4
  }
},
{
  "pk": 5, 
  "model": "clip.product", 
  "fields": {
    "window": 1, 
    "num": 1, 
    "product_name": 5
  }
},
{
  "pk": 6, 
  "model": "clip.product", 
  "fields": {
    "window": 1, 
    "num": 1, 
    "product_name": 6
  }
},
{
  "pk": 7, 
  "model": "clip.product", 
  "fields": {
    "window": 1, 
    "num": 1, 
    "product_name": 7
  }
},
{
  "pk": 8, 
  "model": "clip.product", 
  "fields": {
    "window": 2, 
    "num": 2, 
    "product_name": 1
  }
},
{
  "pk": 9, 
  "model": "clip.product", 
  "fields": {
    "window": 2, 
    "num": 1, 
    "product_name": 2
  }
},
{
  "pk": 10, 
  "model": "clip.product", 
  "fields": {
    "window": 2, 
    "num": 4, 
    "product_name": 18
  }
},
{
  "pk": 11, 
  "model": "clip.product", 
  "fields": {
    "window": 2, 
    "num": 2, 
    "product_name": 19
  }
},
{
  "pk": 12, 
  "model": "clip.product", 
  "fields": {
    "window": 2, 
    "num": 2, 
    "product_name": 20
  }
},
{
  "pk": 13, 
  "model": "clip.product", 
  "fields": {
    "window": 2, 
    "num": 2, 
    "product_name": 6
  }
},
{
  "pk": 14, 
  "model": "clip.product", 
  "fields": {
    "window": 2, 
    "num": 2, 
    "product_name": 7
  }
},
{
  "pk": 15, 
  "model": "clip.product", 
  "fields": {
    "window": 2, 
    "num": 1, 
    "product_name": 11
  }
},
{
  "pk": 16, 
  "model": "clip.product", 
  "fields": {
    "window": 3, 
    "num": 2, 
    "product_name": 1
  }
},
{
  "pk": 17, 
  "model": "clip.product", 
  "fields": {
    "window": 3, 
    "num": 1, 
    "product_name": 8
  }
},
{
  "pk": 18, 
  "model": "clip.product", 
  "fields": {
    "window": 3, 
    "num": 2, 
    "product_name": 3
  }
},
{
  "pk": 19, 
  "model": "clip.product", 
  "fields": {
    "window": 3, 
    "num": 1, 
    "product_name": 4
  }
},
{
  "pk": 20, 
  "model": "clip.product", 
  "fields": {
    "window": 3, 
    "num": 1, 
    "product_name": 5
  }
},
{
  "pk": 21, 
  "model": "clip.product", 
  "fields": {
    "window": 3, 
    "num": 1, 
    "product_name": 21
  }
},
{
  "pk": 22, 
  "model": "clip.product", 
  "fields": {
    "window": 3, 
    "num": 1, 
    "product_name": 22
  }
},
{
  "pk": 23, 
  "model": "clip.product", 
  "fields": {
    "window": 3, 
    "num": 1, 
    "product_name": 9
  }
},
{
  "pk": 24, 
  "model": "clip.product", 
  "fields": {
    "window": 3, 
    "num": 2, 
    "product_name": 10
  }
},
{
  "pk": 25, 
  "model": "clip.product", 
  "fields": {
    "window": 4, 
    "num": 2, 
    "product_name": 1
  }
},
{
  "pk": 26, 
  "model": "clip.product", 
  "fields": {
    "window": 4, 
    "num": 1, 
    "product_name": 8
  }
},
{
  "pk": 27, 
  "model": "clip.product", 
  "fields": {
    "window": 4, 
    "num": 4, 
    "product_name": 18
  }
},
{
  "pk": 28, 
  "model": "clip.product", 
  "fields": {
    "window": 4, 
    "num": 2, 
    "product_name": 19
  }
},
{
  "pk": 29, 
  "model": "clip.product", 
  "fields": {
    "window": 4, 
    "num": 2, 
    "product_name": 20
  }
},
{
  "pk": 30, 
  "model": "clip.product", 
  "fields": {
    "window": 4, 
    "num": 2, 
    "product_name": 21
  }
},
{
  "pk": 31, 
  "model": "clip.product", 
  "fields": {
    "window": 4, 
    "num": 2, 
    "product_name": 22
  }
},
{
  "pk": 32, 
  "model": "clip.product", 
  "fields": {
    "window": 4, 
    "num": 1, 
    "product_name": 23
  }
},
{
  "pk": 33, 
  "model": "clip.product", 
  "fields": {
    "window": 4, 
    "num": 3, 
    "product_name": 9
  }
},
{
  "pk": 34, 
  "model": "clip.product", 
  "fields": {
    "window": 4, 
    "num": 2, 
    "product_name": 10
  }
},
{
  "pk": 35, 
  "model": "clip.product", 
  "fields": {
    "window": 5, 
    "num": 2, 
    "product_name": 1
  }
},
{
  "pk": 36, 
  "model": "clip.product", 
  "fields": {
    "window": 5, 
    "num": 1, 
    "product_name": 17
  }
},
{
  "pk": 37, 
  "model": "clip.product", 
  "fields": {
    "window": 5, 
    "num": 2, 
    "product_name": 3
  }
},
{
  "pk": 38, 
  "model": "clip.product", 
  "fields": {
    "window": 5, 
    "num": 1, 
    "product_name": 4
  }
},
{
  "pk": 39, 
  "model": "clip.product", 
  "fields": {
    "window": 5, 
    "num": 1, 
    "product_name": 5
  }
},
{
  "pk": 40, 
  "model": "clip.product", 
  "fields": {
    "window": 5, 
    "num": 1, 
    "product_name": 9
  }
},
{
  "pk": 41, 
  "model": "clip.product", 
  "fields": {
    "window": 5, 
    "num": 1, 
    "product_name": 10
  }
},
{
  "pk": 42, 
  "model": "clip.product", 
  "fields": {
    "window": 5, 
    "num": 1, 
    "product_name": 21
  }
},
{
  "pk": 43, 
  "model": "clip.product", 
  "fields": {
    "window": 5, 
    "num": 1, 
    "product_name": 22
  }
},
{
  "pk": 44, 
  "model": "clip.product", 
  "fields": {
    "window": 6, 
    "num": 2, 
    "product_name": 1
  }
},
{
  "pk": 45, 
  "model": "clip.product", 
  "fields": {
    "window": 6, 
    "num": 1, 
    "product_name": 17
  }
},
{
  "pk": 46, 
  "model": "clip.product", 
  "fields": {
    "window": 6, 
    "num": 4, 
    "product_name": 18
  }
},
{
  "pk": 47, 
  "model": "clip.product", 
  "fields": {
    "window": 6, 
    "num": 2, 
    "product_name": 19
  }
},
{
  "pk": 48, 
  "model": "clip.product", 
  "fields": {
    "window": 6, 
    "num": 2, 
    "product_name": 20
  }
},
{
  "pk": 49, 
  "model": "clip.product", 
  "fields": {
    "window": 6, 
    "num": 3, 
    "product_name": 9
  }
},
{
  "pk": 50, 
  "model": "clip.product", 
  "fields": {
    "window": 6, 
    "num": 2, 
    "product_name": 10
  }
},
{
  "pk": 51, 
  "model": "clip.product", 
  "fields": {
    "window": 6, 
    "num": 2, 
    "product_name": 21
  }
},
{
  "pk": 52, 
  "model": "clip.product", 
  "fields": {
    "window": 6, 
    "num": 2, 
    "product_name": 22
  }
},
{
  "pk": 53, 
  "model": "clip.product", 
  "fields": {
    "window": 6, 
    "num": 1, 
    "product_name": 23
  }
},
{
  "pk": 54, 
  "model": "clip.product", 
  "fields": {
    "window": 7, 
    "num": 2, 
    "product_name": 1
  }
},
{
  "pk": 55, 
  "model": "clip.product", 
  "fields": {
    "window": 7, 
    "num": 1, 
    "product_name": 12
  }
},
{
  "pk": 56, 
  "model": "clip.product", 
  "fields": {
    "window": 7, 
    "num": 4, 
    "product_name": 18
  }
},
{
  "pk": 57, 
  "model": "clip.product", 
  "fields": {
    "window": 7, 
    "num": 2, 
    "product_name": 19
  }
},
{
  "pk": 58, 
  "model": "clip.product", 
  "fields": {
    "window": 7, 
    "num": 2, 
    "product_name": 20
  }
},
{
  "pk": 59, 
  "model": "clip.product", 
  "fields": {
    "window": 7, 
    "num": 3, 
    "product_name": 13
  }
},
{
  "pk": 60, 
  "model": "clip.product", 
  "fields": {
    "window": 7, 
    "num": 3, 
    "product_name": 14
  }
},
{
  "pk": 61, 
  "model": "clip.product", 
  "fields": {
    "window": 7, 
    "num": 2, 
    "product_name": 15
  }
},
{
  "pk": 62, 
  "model": "clip.product", 
  "fields": {
    "window": 7, 
    "num": 2, 
    "product_name": 16
  }
},
{
  "pk": 63, 
  "model": "clip.product", 
  "fields": {
    "window": 7, 
    "num": 2, 
    "product_name": 21
  }
},
{
  "pk": 64, 
  "model": "clip.product", 
  "fields": {
    "window": 7, 
    "num": 2, 
    "product_name": 22
  }
},
{
  "pk": 65, 
  "model": "clip.product", 
  "fields": {
    "window": 7, 
    "num": 1, 
    "product_name": 23
  }
},
{
  "pk": 66, 
  "model": "clip.product", 
  "fields": {
    "window": 8, 
    "num": 2, 
    "product_name": 1
  }
},
{
  "pk": 67, 
  "model": "clip.product", 
  "fields": {
    "window": 8, 
    "num": 1, 
    "product_name": 12
  }
},
{
  "pk": 68, 
  "model": "clip.product", 
  "fields": {
    "window": 8, 
    "num": 2, 
    "product_name": 3
  }
},
{
  "pk": 69, 
  "model": "clip.product", 
  "fields": {
    "window": 8, 
    "num": 1, 
    "product_name": 4
  }
},
{
  "pk": 70, 
  "model": "clip.product", 
  "fields": {
    "window": 8, 
    "num": 1, 
    "product_name": 5
  }
},
{
  "pk": 71, 
  "model": "clip.product", 
  "fields": {
    "window": 8, 
    "num": 1, 
    "product_name": 21
  }
},
{
  "pk": 72, 
  "model": "clip.product", 
  "fields": {
    "window": 8, 
    "num": 1, 
    "product_name": 22
  }
},
{
  "pk": 73, 
  "model": "clip.product", 
  "fields": {
    "window": 8, 
    "num": 1, 
    "product_name": 13
  }
},
{
  "pk": 74, 
  "model": "clip.product", 
  "fields": {
    "window": 8, 
    "num": 1, 
    "product_name": 14
  }
},
{
  "pk": 75, 
  "model": "clip.product", 
  "fields": {
    "window": 8, 
    "num": 2, 
    "product_name": 15
  }
},
{
  "pk": 76, 
  "model": "clip.product", 
  "fields": {
    "window": 8, 
    "num": 2, 
    "product_name": 16
  }
},
{
  "pk": 77, 
  "model": "clip.product", 
  "fields": {
    "window": 10, 
    "num": 2, 
    "product_name": 1
  }
},
{
  "pk": 78, 
  "model": "clip.product", 
  "fields": {
    "window": 10, 
    "num": 1, 
    "product_name": 17
  }
},
{
  "pk": 79, 
  "model": "clip.product", 
  "fields": {
    "window": 10, 
    "num": 2, 
    "product_name": 3
  }
},
{
  "pk": 80, 
  "model": "clip.product", 
  "fields": {
    "window": 10, 
    "num": 1, 
    "product_name": 4
  }
},
{
  "pk": 81, 
  "model": "clip.product", 
  "fields": {
    "window": 10, 
    "num": 1, 
    "product_name": 5
  }
},
{
  "pk": 82, 
  "model": "clip.product", 
  "fields": {
    "window": 10, 
    "num": 1, 
    "product_name": 21
  }
},
{
  "pk": 83, 
  "model": "clip.product", 
  "fields": {
    "window": 10, 
    "num": 1, 
    "product_name": 22
  }
},
{
  "pk": 84, 
  "model": "clip.product", 
  "fields": {
    "window": 10, 
    "num": 2, 
    "product_name": 10
  }
},
{
  "pk": 1, 
  "model": "clip.producttrim", 
  "fields": {
    "trim_length": "0.000", 
    "product": 1, 
    "material": 1
  }
},
{
  "pk": 2, 
  "model": "clip.producttrim", 
  "fields": {
    "trim_length": "2.500", 
    "product": 2, 
    "material": 1
  }
},
{
  "pk": 3, 
  "model": "clip.producttrim", 
  "fields": {
    "trim_length": "13.000", 
    "product": 3, 
    "material": 1
  }
},
{
  "pk": 4, 
  "model": "clip.producttrim", 
  "fields": {
    "trim_length": "13.000", 
    "product": 4, 
    "material": 1
  }
},
{
  "pk": 5, 
  "model": "clip.producttrim", 
  "fields": {
    "trim_length": "13.000", 
    "product": 5, 
    "material": 1
  }
},
{
  "pk": 6, 
  "model": "clip.producttrim", 
  "fields": {
    "trim_length": "5.200", 
    "product": 6, 
    "material": 1
  }
},
{
  "pk": 7, 
  "model": "clip.producttrim", 
  "fields": {
    "trim_length": "6.700", 
    "product": 7, 
    "material": 1
  }
},
{
  "pk": 8, 
  "model": "clip.producttrim", 
  "fields": {
    "trim_length": "0.000", 
    "product": 8, 
    "material": 1
  }
},
{
  "pk": 9, 
  "model": "clip.producttrim", 
  "fields": {
    "trim_length": "2.500", 
    "product": 9, 
    "material": 1
  }
},
{
  "pk": 10, 
  "model": "clip.producttrim", 
  "fields": {
    "trim_length": "23.400", 
    "product": 10, 
    "material": 1
  }
},
{
  "pk": 11, 
  "model": "clip.producttrim", 
  "fields": {
    "trim_length": "23.400", 
    "product": 11, 
    "material": 1
  }
},
{
  "pk": 12, 
  "model": "clip.producttrim", 
  "fields": {
    "trim_length": "23.400", 
    "product": 12, 
    "material": 1
  }
},
{
  "pk": 13, 
  "model": "clip.producttrim", 
  "fields": {
    "trim_length": "5.200", 
    "product": 13, 
    "material": 1
  }
},
{
  "pk": 14, 
  "model": "clip.producttrim", 
  "fields": {
    "trim_length": "6.700", 
    "product": 14, 
    "material": 1
  }
},
{
  "pk": 15, 
  "model": "clip.producttrim", 
  "fields": {
    "trim_length": "5.200", 
    "product": 15, 
    "material": 1
  }
},
{
  "pk": 16, 
  "model": "clip.producttrim", 
  "fields": {
    "trim_length": "0.000", 
    "product": 16, 
    "material": 1
  }
},
{
  "pk": 17, 
  "model": "clip.producttrim", 
  "fields": {
    "trim_length": "2.500", 
    "product": 17, 
    "material": 1
  }
},
{
  "pk": 18, 
  "model": "clip.producttrim", 
  "fields": {
    "trim_length": "13.000", 
    "product": 18, 
    "material": 1
  }
},
{
  "pk": 19, 
  "model": "clip.producttrim", 
  "fields": {
    "trim_length": "13.000", 
    "product": 19, 
    "material": 1
  }
},
{
  "pk": 20, 
  "model": "clip.producttrim", 
  "fields": {
    "trim_length": "13.000", 
    "product": 20, 
    "material": 1
  }
},
{
  "pk": 21, 
  "model": "clip.producttrim", 
  "fields": {
    "trim_length": "5.700", 
    "product": 21, 
    "material": 1
  }
},
{
  "pk": 22, 
  "model": "clip.producttrim", 
  "fields": {
    "trim_length": "7.200", 
    "product": 22, 
    "material": 1
  }
},
{
  "pk": 23, 
  "model": "clip.producttrim", 
  "fields": {
    "trim_length": "2.500", 
    "product": 23, 
    "material": 1
  }
},
{
  "pk": 24, 
  "model": "clip.producttrim", 
  "fields": {
    "trim_length": "2.500", 
    "product": 24, 
    "material": 1
  }
},
{
  "pk": 25, 
  "model": "clip.producttrim", 
  "fields": {
    "trim_length": "0.000", 
    "product": 25, 
    "material": 1
  }
},
{
  "pk": 26, 
  "model": "clip.producttrim", 
  "fields": {
    "trim_length": "2.500", 
    "product": 26, 
    "material": 1
  }
},
{
  "pk": 27, 
  "model": "clip.producttrim", 
  "fields": {
    "trim_length": "23.400", 
    "product": 27, 
    "material": 1
  }
},
{
  "pk": 28, 
  "model": "clip.producttrim", 
  "fields": {
    "trim_length": "23.400", 
    "product": 28, 
    "material": 1
  }
},
{
  "pk": 29, 
  "model": "clip.producttrim", 
  "fields": {
    "trim_length": "23.400", 
    "product": 29, 
    "material": 1
  }
},
{
  "pk": 30, 
  "model": "clip.producttrim", 
  "fields": {
    "trim_length": "5.700", 
    "product": 30, 
    "material": 1
  }
},
{
  "pk": 31, 
  "model": "clip.producttrim", 
  "fields": {
    "trim_length": "7.200", 
    "product": 31, 
    "material": 1
  }
},
{
  "pk": 32, 
  "model": "clip.producttrim", 
  "fields": {
    "trim_length": "5.700", 
    "product": 32, 
    "material": 1
  }
},
{
  "pk": 33, 
  "model": "clip.producttrim", 
  "fields": {
    "trim_length": "2.500", 
    "product": 33, 
    "material": 1
  }
},
{
  "pk": 34, 
  "model": "clip.producttrim", 
  "fields": {
    "trim_length": "2.500", 
    "product": 34, 
    "material": 1
  }
},
{
  "pk": 35, 
  "model": "clip.producttrim", 
  "fields": {
    "trim_length": "0.000", 
    "product": 35, 
    "material": 1
  }
},
{
  "pk": 36, 
  "model": "clip.producttrim", 
  "fields": {
    "trim_length": "2.500", 
    "product": 36, 
    "material": 1
  }
},
{
  "pk": 37, 
  "model": "clip.producttrim", 
  "fields": {
    "trim_length": "13.000", 
    "product": 37, 
    "material": 1
  }
},
{
  "pk": 38, 
  "model": "clip.producttrim", 
  "fields": {
    "trim_length": "13.000", 
    "product": 38, 
    "material": 1
  }
},
{
  "pk": 39, 
  "model": "clip.producttrim", 
  "fields": {
    "trim_length": "13.000", 
    "product": 39, 
    "material": 1
  }
},
{
  "pk": 40, 
  "model": "clip.producttrim", 
  "fields": {
    "trim_length": "2.500", 
    "product": 40, 
    "material": 1
  }
},
{
  "pk": 41, 
  "model": "clip.producttrim", 
  "fields": {
    "trim_length": "2.500", 
    "product": 41, 
    "material": 1
  }
},
{
  "pk": 42, 
  "model": "clip.producttrim", 
  "fields": {
    "trim_length": "5.200", 
    "product": 42, 
    "material": 1
  }
},
{
  "pk": 43, 
  "model": "clip.producttrim", 
  "fields": {
    "trim_length": "6.700", 
    "product": 43, 
    "material": 1
  }
},
{
  "pk": 44, 
  "model": "clip.producttrim", 
  "fields": {
    "trim_length": "0.000", 
    "product": 44, 
    "material": 1
  }
},
{
  "pk": 45, 
  "model": "clip.producttrim", 
  "fields": {
    "trim_length": "2.500", 
    "product": 45, 
    "material": 1
  }
},
{
  "pk": 46, 
  "model": "clip.producttrim", 
  "fields": {
    "trim_length": "23.400", 
    "product": 46, 
    "material": 1
  }
},
{
  "pk": 47, 
  "model": "clip.producttrim", 
  "fields": {
    "trim_length": "23.400", 
    "product": 47, 
    "material": 1
  }
},
{
  "pk": 48, 
  "model": "clip.producttrim", 
  "fields": {
    "trim_length": "23.400", 
    "product": 48, 
    "material": 1
  }
},
{
  "pk": 49, 
  "model": "clip.producttrim", 
  "fields": {
    "trim_length": "2.500", 
    "product": 49, 
    "material": 1
  }
},
{
  "pk": 50, 
  "model": "clip.producttrim", 
  "fields": {
    "trim_length": "2.500", 
    "product": 50, 
    "material": 1
  }
},
{
  "pk": 51, 
  "model": "clip.producttrim", 
  "fields": {
    "trim_length": "5.200", 
    "product": 51, 
    "material": 1
  }
},
{
  "pk": 52, 
  "model": "clip.producttrim", 
  "fields": {
    "trim_length": "6.700", 
    "product": 52, 
    "material": 1
  }
},
{
  "pk": 53, 
  "model": "clip.producttrim", 
  "fields": {
    "trim_length": "5.200", 
    "product": 53, 
    "material": 1
  }
},
{
  "pk": 54, 
  "model": "clip.producttrim", 
  "fields": {
    "trim_length": "0.000", 
    "product": 54, 
    "material": 1
  }
},
{
  "pk": 55, 
  "model": "clip.producttrim", 
  "fields": {
    "trim_length": "2.500", 
    "product": 55, 
    "material": 1
  }
},
{
  "pk": 56, 
  "model": "clip.producttrim", 
  "fields": {
    "trim_length": "23.400", 
    "product": 56, 
    "material": 1
  }
},
{
  "pk": 57, 
  "model": "clip.producttrim", 
  "fields": {
    "trim_length": "23.400", 
    "product": 57, 
    "material": 1
  }
},
{
  "pk": 58, 
  "model": "clip.producttrim", 
  "fields": {
    "trim_length": "23.400", 
    "product": 58, 
    "material": 1
  }
},
{
  "pk": 59, 
  "model": "clip.producttrim", 
  "fields": {
    "trim_length": "2.500", 
    "product": 59, 
    "material": 1
  }
},
{
  "pk": 60, 
  "model": "clip.producttrim", 
  "fields": {
    "trim_length": "2.500", 
    "product": 60, 
    "material": 1
  }
},
{
  "pk": 61, 
  "model": "clip.producttrim", 
  "fields": {
    "trim_length": "2.500", 
    "product": 61, 
    "material": 1
  }
},
{
  "pk": 62, 
  "model": "clip.producttrim", 
  "fields": {
    "trim_length": "2.500", 
    "product": 62, 
    "material": 1
  }
},
{
  "pk": 63, 
  "model": "clip.producttrim", 
  "fields": {
    "trim_length": "5.700", 
    "product": 63, 
    "material": 1
  }
},
{
  "pk": 64, 
  "model": "clip.producttrim", 
  "fields": {
    "trim_length": "7.200", 
    "product": 64, 
    "material": 1
  }
},
{
  "pk": 65, 
  "model": "clip.producttrim", 
  "fields": {
    "trim_length": "5.700", 
    "product": 65, 
    "material": 1
  }
},
{
  "pk": 66, 
  "model": "clip.producttrim", 
  "fields": {
    "trim_length": "0.000", 
    "product": 66, 
    "material": 1
  }
},
{
  "pk": 67, 
  "model": "clip.producttrim", 
  "fields": {
    "trim_length": "2.500", 
    "product": 67, 
    "material": 1
  }
},
{
  "pk": 68, 
  "model": "clip.producttrim", 
  "fields": {
    "trim_length": "13.000", 
    "product": 68, 
    "material": 1
  }
},
{
  "pk": 69, 
  "model": "clip.producttrim", 
  "fields": {
    "trim_length": "13.000", 
    "product": 69, 
    "material": 1
  }
},
{
  "pk": 70, 
  "model": "clip.producttrim", 
  "fields": {
    "trim_length": "13.000", 
    "product": 70, 
    "material": 1
  }
},
{
  "pk": 71, 
  "model": "clip.producttrim", 
  "fields": {
    "trim_length": "5.700", 
    "product": 71, 
    "material": 1
  }
},
{
  "pk": 72, 
  "model": "clip.producttrim", 
  "fields": {
    "trim_length": "7.200", 
    "product": 72, 
    "material": 1
  }
},
{
  "pk": 73, 
  "model": "clip.producttrim", 
  "fields": {
    "trim_length": "2.500", 
    "product": 73, 
    "material": 1
  }
},
{
  "pk": 74, 
  "model": "clip.producttrim", 
  "fields": {
    "trim_length": "2.500", 
    "product": 74, 
    "material": 1
  }
},
{
  "pk": 75, 
  "model": "clip.producttrim", 
  "fields": {
    "trim_length": "2.500", 
    "product": 75, 
    "material": 1
  }
},
{
  "pk": 76, 
  "model": "clip.producttrim", 
  "fields": {
    "trim_length": "2.500", 
    "product": 76, 
    "material": 1
  }
},
{
  "pk": 77, 
  "model": "clip.producttrim", 
  "fields": {
    "trim_length": "0.000", 
    "product": 77, 
    "material": 1
  }
},
{
  "pk": 78, 
  "model": "clip.producttrim", 
  "fields": {
    "trim_length": "2.500", 
    "product": 78, 
    "material": 1
  }
},
{
  "pk": 79, 
  "model": "clip.producttrim", 
  "fields": {
    "trim_length": "13.000", 
    "product": 79, 
    "material": 1
  }
},
{
  "pk": 80, 
  "model": "clip.producttrim", 
  "fields": {
    "trim_length": "13.000", 
    "product": 80, 
    "material": 1
  }
},
{
  "pk": 81, 
  "model": "clip.producttrim", 
  "fields": {
    "trim_length": "13.000", 
    "product": 81, 
    "material": 1
  }
},
{
  "pk": 82, 
  "model": "clip.producttrim", 
  "fields": {
    "trim_length": "5.200", 
    "product": 82, 
    "material": 1
  }
},
{
  "pk": 83, 
  "model": "clip.producttrim", 
  "fields": {
    "trim_length": "6.700", 
    "product": 83, 
    "material": 1
  }
},
{
  "pk": 84, 
  "model": "clip.producttrim", 
  "fields": {
    "trim_length": "2.500", 
    "product": 84, 
    "material": 1
  }
}
]
